customer_id,name,location,email
1,Selena Venegas,Bengaluru,selena.venegas0@gmail.com
2,Tessy Woźniak,Doha,tessy.woźniak1@gmail.com
3,Forbes Ko,Noida,forbes.ko2@gmail.com
4,Jo Ann Dahan,Bengaluru,joann.dahan3@gmail.com
5,Jacinta Díaz,Vadodara,jacinta.díaz4@gmail.com
6,Iormina Iliev,Tirpur,iormina.iliev5@gmail.com
7,Caterina Soria,Hyderabad,caterina.soria6@gmail.com
8,Allison Young,Tucson,allison.young7@gmail.com
9,Kissee Pae,Mumbai,kissee.pae8@gmail.com
10,Marie-Ann Costa,Palo Alto,marie-ann.costa9@gmail.com
11,Christy Grgić,Las Vegas,christy.grgić10@gmail.com
12,Jenica Correia,Mumbai,jenica.correia11@gmail.com
13,Edeline Taniguchi,Noida,edeline.taniguchi12@gmail.com
14,Karly Winkler,Bhubaneswar,karly.winkler13@gmail.com
15,Margarethe Thomsen,Vizcaya,margarethe.thomsen14@gmail.com
16,Benedicta Lao,Gurugram,benedicta.lao15@gmail.com
17,Andie Aguirre,Kolkata,andie.aguirre16@gmail.com
18,Zachery Tiu,Chennai,zachery.tiu17@gmail.com
19,Vivyan Suárez,Mumbai,vivyan.suárez18@gmail.com
20,Angelico Murat,New Delhi,angelico.murat19@gmail.com
21,Maxwell Shung,Chennai,maxwell.shung20@gmail.com
22,Stormi Samaras,Hyderabad,stormi.samaras21@gmail.com
23,Enrico Maldonado,Barnala,enrico.maldonado22@gmail.com
24,Skippie Tep,New Delhi,skippie.tep23@gmail.com
25,Katey Hasani,Mumbai,katey.hasani24@gmail.com
26,TeresaAnne Lefebvre,Mumbai,teresaanne.lefebvre25@gmail.com
27,Prudence Alvarado,Mumbai,prudence.alvarado26@gmail.com
28,Stanleigh De Groot,Bellevue,stanleigh.degroot27@gmail.com
29,Jeane André,Pune,jeane.andré28@gmail.com
30,Harriette Kitanovski,Mumbai,harriette.kitanovski29@gmail.com
31,Melesa Choe,Bengaluru,melesa.choe30@gmail.com
32,Hilton Bizjak,New Delhi,hilton.bizjak31@gmail.com
33,Emmalynn Suh,Madrid,emmalynn.suh32@gmail.com
34,Ayn Barbosa,Bangalore,ayn.barbosa33@gmail.com
35,Dale Серикбай,Delhi NCR,dale.серикбай34@gmail.com
36,Meagan Shevchuk,Bangalore,meagan.shevchuk35@gmail.com
37,Genevra Ríos,Hyderabad,genevra.ríos36@gmail.com
38,Yankee White,Gurugram,yankee.white37@gmail.com
39,Ursulina Walker,Greater Noida,ursulina.walker38@gmail.com
40,Clare Biton,Mumbai,clare.biton39@gmail.com
41,Hamlet Madrigal,Hyderabad,hamlet.madrigal40@gmail.com
42,Theophyllus Ông,Lucknow,theophyllus.ông41@gmail.com
43,Wenona U,Kolkata,wenona.u42@gmail.com
44,Ragnar Rodríguez,Gurugram,ragnar.rodríguez43@gmail.com
45,Tilly Iglesias,Bangalore,tilly.iglesias44@gmail.com
46,Wakefield Choa,Naperville,wakefield.choa45@gmail.com
47,Giacomo Bennett,Pune,giacomo.bennett46@gmail.com
48,Neale Pérez,Chennai,neale.pérez47@gmail.com
49,Aub Nowak,New Delhi,aub.nowak48@gmail.com
50,Rochell Petrović,Lucknow,rochell.petrović49@gmail.com
51,Vladamir Van Dijk,Mumbai,vladamir.vandijk50@gmail.com
52,Agnese Barišić,Kolkata,agnese.barišić51@gmail.com
53,Eyde U,Gurgaon,eyde.u52@gmail.com
54,Orren Jung,Gurgaon,orren.jung53@gmail.com
55,Vale Mayer,London,vale.mayer54@gmail.com
56,Izzy Choy,Mumbai,izzy.choy55@gmail.com
57,Rahel Azoulay,Mountain View,rahel.azoulay56@gmail.com
58,Leonardo Černá,Chennai,leonardo.černá57@gmail.com
59,Angy Cruz,Racine,angy.cruz58@gmail.com
60,Bobine Van den Berg,Gurgaon,bobine.vandenberg59@gmail.com
61,Chloette Huber,Kolkata,chloette.huber60@gmail.com
62,Dionis de Guzman,Chennai,dionis.deguzman61@gmail.com
63,Maggie Filipović,Avenel,maggie.filipović62@gmail.com
64,Wynton Say,Pune,wynton.say63@gmail.com
65,Marlene Montes,Mumbai,marlene.montes64@gmail.com
66,Jo-Anne Larsson,"Westwood,MA",jo-anne.larsson65@gmail.com
67,Stanly van Dijk,New Delhi,stanly.vandijk66@gmail.com
68,Dean Ríos,Alpharetta,dean.ríos67@gmail.com
69,Sidney Neméth,Kanpur,sidney.neméth68@gmail.com
70,Rand Shah,Thane,rand.shah69@gmail.com
71,Barron Petersen,Hyderabad,barron.petersen70@gmail.com
72,Rabbi Aivaliotis,Dubai,rabbi.aivaliotis71@gmail.com
73,Wilden Ruiz,Bangalore,wilden.ruiz72@gmail.com
74,Sybyl Clarke,Jaipur,sybyl.clarke73@gmail.com
75,Torr Martins,Vadodara,torr.martins74@gmail.com
76,Rennie Cài,Gurgaon,rennie.cài75@gmail.com
77,Johann Hansen,Hyderabad,johann.hansen76@gmail.com
78,Margaux Radu,Mumbai,margaux.radu77@gmail.com
79,Judith Berisha,Jamshedpur,judith.berisha78@gmail.com
80,Robyn Díaz,Ahmedabad,robyn.díaz79@gmail.com
81,Kristos Battaglia,Amravati,kristos.battaglia80@gmail.com
82,Terrye Kováč,Kolkata,terrye.kováč81@gmail.com
83,Theodore Markoski,Bangalore,theodore.markoski82@gmail.com
84,Er Miranda,New Delhi,er.miranda83@gmail.com
85,Constantine Bos,Tokyo,constantine.bos84@gmail.com
86,Adrien Ruiz,Noida,adrien.ruiz85@gmail.com
87,Marybeth Žukauskas,New Delhi,marybeth.žukauskas86@gmail.com
88,Amie Petrauskas,Crawley,amie.petrauskas87@gmail.com
89,Patrick Parisi,Gurgaon,patrick.parisi88@gmail.com
90,Ludwig Nikolić,Jaipur,ludwig.nikolić89@gmail.com
91,Claresta Lindberg,New York,claresta.lindberg90@gmail.com
92,Tara Fontana,Delhi,tara.fontana91@gmail.com
93,Alina Trịnh,Jackonville,alina.trịnh92@gmail.com
94,Gordie Vuković,Panchkula,gordie.vuković93@gmail.com
95,Bernardine Simon,Troy,bernardine.simon94@gmail.com
96,Torrance Amarasinghe,Kochi,torrance.amarasinghe95@gmail.com
97,Jacinda Imai,Noida,jacinda.imai96@gmail.com
98,Charlena O'Quinn,Bangalore,charlena.o'quinn97@gmail.com
99,Lawrence Kılıç,Hyderabad,lawrence.kılıç98@gmail.com
100,Fredra Gunawardena,Mumbai,fredra.gunawardena99@gmail.com
